parameter_name,co,no2,o3,pm10,pm25,so2
co,1.0,0.4774817177744004,-0.03479660950632434,0.20467943461369095,0.24811556756124326,0.06342959729481244
no2,0.4774817177744004,1.0,-0.2208252657985104,0.29638027837753583,0.3798909395087716,0.18155650029463702
o3,-0.03479660950632434,-0.2208252657985104,1.0,0.2510296291686617,0.14093890723572378,0.11018895110264212
pm10,0.20467943461369095,0.29638027837753583,0.2510296291686617,1.0,0.5491218579874672,-0.006183415844420966
pm25,0.24811556756124326,0.3798909395087716,0.14093890723572378,0.5491218579874672,1.0,0.07398791331747638
so2,0.06342959729481244,0.18155650029463702,0.11018895110264212,-0.006183415844420966,0.07398791331747638,1.0
